{"cameraMode":{"drawMode":0,"name":"Shaded","section":"Shading Mode"},"sceneLighting":true,"audioPlay":false,"sceneViewState":{"m_AlwaysRefresh":false,"showFog":true,"showSkybox":true,"showFlares":true,"showImageEffects":true,"showParticleSystems":true,"showVisualEffectGraphs":true,"m_FxEnabled":true},"in2DMode":false,"pivot":{"x":510.2020568847656,"y":17.577613830566408,"z":410.7572021484375},"rotation":{"x":-0.006109001114964485,"y":-0.9775816202163696,"z":0.20868298411369325,"w":-0.028748780488967897},"size":1.4860631227493287,"orthographic":false}