{"cameraMode":{"drawMode":0,"name":"Shaded","section":"Shading Mode"},"sceneLighting":true,"audioPlay":false,"sceneViewState":{"m_AlwaysRefresh":false,"showFog":true,"showSkybox":true,"showFlares":true,"showImageEffects":true,"showParticleSystems":true,"showVisualEffectGraphs":true,"m_FxEnabled":true},"in2DMode":false,"pivot":{"x":505.32763671875,"y":20.94756507873535,"z":378.5285339355469},"rotation":{"x":0.19996441900730134,"y":-0.0017936680233106018,"z":0.0003130417608190328,"w":0.9798504114151001},"size":1.4423762559890748,"orthographic":false}