{"cameraMode":{"drawMode":0,"name":"Shaded","section":"Shading Mode"},"sceneLighting":true,"audioPlay":false,"sceneViewState":{"m_AlwaysRefresh":false,"showFog":true,"showSkybox":true,"showFlares":true,"showImageEffects":true,"showParticleSystems":true,"showVisualEffectGraphs":true,"m_FxEnabled":true},"in2DMode":false,"pivot":{"x":393.09429931640627,"y":33.22891616821289,"z":686.0993041992188},"rotation":{"x":-0.047919075936079028,"y":-0.885133683681488,"z":0.09356465190649033,"w":-0.45340240001678469},"size":1.7938745021820069,"orthographic":false}