{"cameraMode":{"drawMode":0,"name":"Shaded","section":"Shading Mode"},"sceneLighting":true,"audioPlay":false,"sceneViewState":{"m_AlwaysRefresh":false,"showFog":true,"showSkybox":true,"showFlares":true,"showImageEffects":true,"showParticleSystems":true,"showVisualEffectGraphs":true,"m_FxEnabled":true},"in2DMode":false,"pivot":{"x":504.86102294921877,"y":20.939607620239259,"z":378.48199462890627},"rotation":{"x":0.07362302392721176,"y":-0.837734580039978,"z":0.11657590419054032,"w":0.5284708738327026},"size":1.4423762559890748,"orthographic":false}