{"cameraMode":{"drawMode":0,"name":"Shaded","section":"Shading Mode"},"sceneLighting":true,"audioPlay":false,"sceneViewState":{"m_AlwaysRefresh":false,"showFog":true,"showSkybox":true,"showFlares":true,"showImageEffects":true,"showParticleSystems":true,"showVisualEffectGraphs":true,"m_FxEnabled":true},"in2DMode":false,"pivot":{"x":505.7046813964844,"y":21.506771087646486,"z":378.5299987792969},"rotation":{"x":-0.07223155349493027,"y":-0.02184075303375721,"z":0.0015970718814060093,"w":-0.9971746206283569},"size":1.487051010131836,"orthographic":false}