{"cameraMode":{"drawMode":0,"name":"Shaded","section":"Shading Mode"},"sceneLighting":true,"audioPlay":false,"sceneViewState":{"m_AlwaysRefresh":false,"showFog":true,"showSkybox":true,"showFlares":true,"showImageEffects":true,"showParticleSystems":true,"showVisualEffectGraphs":true,"m_FxEnabled":true},"in2DMode":false,"pivot":{"x":504.8609313964844,"y":20.924373626708986,"z":378.48199462890627},"rotation":{"x":0.1407298743724823,"y":-0.04009684547781944,"z":0.005680814851075411,"w":0.9892476797103882},"size":1.486583948135376,"orthographic":false}