{"cameraMode":{"drawMode":0,"name":"Shaded","section":"Shading Mode"},"sceneLighting":true,"audioPlay":false,"sceneViewState":{"m_AlwaysRefresh":false,"showFog":true,"showSkybox":true,"showFlares":true,"showImageEffects":true,"showParticleSystems":true,"showVisualEffectGraphs":true,"m_FxEnabled":true},"in2DMode":false,"pivot":{"x":504.86102294921877,"y":20.939607620239259,"z":378.48199462890627},"rotation":{"x":-0.30099478363990786,"y":0.05774577707052231,"z":-0.01825283095240593,"w":-0.9517204761505127},"size":1.4423762559890748,"orthographic":false}